Daily update on Wed Oct 22 06:26:08 UTC 2025
Daily update on Thu Oct 23 06:25:00 UTC 2025
Daily update on Fri Oct 24 06:24:16 UTC 2025
Daily update on Sat Oct 25 06:22:06 UTC 2025
Daily update on Sun Oct 26 06:22:53 UTC 2025
Daily update on Mon Oct 27 06:27:59 UTC 2025
Daily update on Tue Oct 28 06:26:33 UTC 2025
Daily update on Wed Oct 29 06:26:47 UTC 2025
Daily update on Thu Oct 30 06:25:03 UTC 2025
Daily update on Fri Oct 31 06:25:29 UTC 2025
Daily update on Sat Nov  1 06:22:10 UTC 2025
Daily update on Sun Nov  2 06:23:37 UTC 2025
Daily update on Mon Nov  3 06:26:35 UTC 2025
Daily update on Tue Nov  4 06:25:48 UTC 2025
Daily update on Wed Nov  5 06:25:59 UTC 2025
Daily update on Thu Nov  6 06:26:31 UTC 2025
Daily update on Fri Nov  7 06:25:58 UTC 2025
